student_id,name,school,parent
58742,Lynn Baldwin,Lyons Preparatory,virgina.radke.superkewlparent@example.com
,Gail Canada,Lyons Preparatory,virgina.radke.superkewlparent@example.com
,Bob Gordon,Lyons Preparatory,virgina.radke.superkewlparent@example.com
,Julius Seaman,Lyons Preparatory,dorothy.bryan@example.com
,Stephanie Bryant,Lyons Preparatory,dorothy.bryan@example.com
,Robert Josephson,Lyons Preparatory,dorothy.bryan@example.com
83224,Graham Taylor,Lyons Preparatory,sandra.hollingsworth.1@example.com
,Heather Brown,Lyons Preparatory,sandra.hollingsworth.1@example.com
1400,Aaron Keats,Lyons Preparatory,david.elkins.1@example.com
86151,Crystal Mcvey,Lyons Preparatory,david.elkins.1@example.com
23819,Timmy Williams,Lyons Preparatory,douglas.galindo@example.com
18804,Margie Zettlemoyer,Lyons Preparatory,douglas.galindo@example.com
10938,Sharon Long,Lyons Preparatory,michael.fields@example.com
,Daniel Colbert,Lyons Preparatory,william.warren.99@example.com
4039,Judith Erich,Lyons Preparatory,william.warren.99@example.com
,Shannon Williams,Lyons Preparatory,william.warren.99@example.com
,Richard Iannotti,Lyons Preparatory,thu.hill.420@example.com
,Deborah Morris,Lyons Preparatory,heather.garcia.1@example.com
47660,Patricia Cross,Lyons Preparatory,ron.crespo@example.com
,Mary Aragaki,Lyons Preparatory,ron.crespo@example.com
14144,George Strange,Lyons Preparatory,phillip.conway.1@example.com
,Frankie Wilkerson,Lyons Preparatory,phillip.conway.1@example.com
,Christine Huff,Lyons Preparatory,phillip.conway.1@example.com
,Jose Berrier,Lyons Preparatory,sarah.jones.420@example.com
,David Johnson,Lyons Preparatory,sarah.jones.420@example.com
,William Balder,Lyons Preparatory,sarah.jones.420@example.com
,Sebastian Ridenour,Lyons Preparatory,carol.beatty.superkewlparent@example.com
37306,Isela Aubrey,Lyons Preparatory,carol.beatty.superkewlparent@example.com
44314,William Beer,Lyons Preparatory,carol.beatty.superkewlparent@example.com
25412,Ignacio Johnson,Lyons Preparatory,ellen.roy.1@example.com
36986,Sharon Verdi,Lyons Preparatory,ellen.roy.1@example.com
,Nancy Tusing,Lyons Preparatory,ellen.roy.1@example.com
70450,Jerry Ponce,Lyons Preparatory,danny.pugh@example.com
13664,Elizabeth Torres,Lyons Preparatory,danny.pugh@example.com
,Victor Erickson,Lyons Preparatory,danny.pugh@example.com
40004,Gary Mentz,Lyons Preparatory,freddie.holman.420@example.com
,Elsie Cyr,Lyons Preparatory,wendy.coley.superkewlparent@example.com
30260,Ellen Britt,Lyons Preparatory,wendy.coley.superkewlparent@example.com
,Darren Crouch,Lyons Preparatory,wendy.coley.superkewlparent@example.com
13196,Eda Houseal,Lyons Preparatory,raymond.davis.superkewlparent@example.com
65340,Charles Duffy,Lyons Preparatory,sherie.galbreath.1@example.com
,Charles Lucas,Lyons Preparatory,sherie.galbreath.1@example.com
71161,Michael Kent,Lyons Preparatory,sherie.galbreath.1@example.com
,Kimberly Woody,Lyons Preparatory,ella.zahri@example.com
,John Stewart,Lyons Preparatory,ella.zahri@example.com
67237,Robert Galbraith,Lyons Preparatory,ella.zahri@example.com
,Mario Sisk,Lyons Preparatory,tempie.long.1@example.com
40998,Joseph Wong,Lyons Preparatory,tempie.long.1@example.com
,Dan Shimmin,Lyons Preparatory,terry.crook@example.com
2383,Larry Baker,Lyons Preparatory,patricia.hagan@example.com
95400,George Fernandez,Lyons Preparatory,patricia.hagan@example.com
,Sharon Banks,Lyons Preparatory,michael.mcclain@example.com
60760,Cora Moman,Lyons Preparatory,amy.liebl@example.com
,James Harris,Lyons Preparatory,rusty.singleton@example.com
,Edward Walsh,Lyons Preparatory,rusty.singleton@example.com
30292,Mattie Costa,Lyons Preparatory,rusty.singleton@example.com
78562,Gary Reeves,Lyons Preparatory,fred.chugg@example.com
,Dennis Eschen,Lyons Preparatory,fred.chugg@example.com
,Steve Davis,Lyons Preparatory,fred.chugg@example.com
,Emory Barker,Lyons Preparatory,david.bennett@example.com
77656,Amber Sweitzer,Lyons Preparatory,david.bennett@example.com
,Henry Hurt,Lyons Preparatory,jack.jarvis.420@example.com
69671,Ruth Irby,Lyons Preparatory,jack.jarvis.420@example.com
,Michelle Rector,Lyons Preparatory,jack.jarvis.420@example.com
78620,Ronald Park,Lyons Preparatory,clarice.taylor@example.com
,David Muszynski,Lyons Preparatory,clarice.taylor@example.com
61173,May Hernandez,Lyons Preparatory,dorothy.fillers.1@example.com
52766,Jimmy Spanton,Lyons Preparatory,dorothy.fillers.1@example.com
60363,Jack Ainsley,Lyons Preparatory,katherine.son.1@example.com
5381,Lewis Walser,Lyons Preparatory,katherine.son.1@example.com
,James Dulac,Lyons Preparatory,katherine.son.1@example.com
48013,Richard Clark,Lyons Preparatory,maria.hampton.99@example.com
,Gregory Toki,Lyons Preparatory,david.ford.1@example.com
40793,Johnny Sanderson,Lyons Preparatory,david.ford.1@example.com
54889,William Adams,Lyons Preparatory,vanessa.nash@example.com
18944,Bruce Vue,Lyons Preparatory,albertine.nichols@example.com
55319,Michael Bowers,Lyons Preparatory,albertine.nichols@example.com
,Leslie Kuhnke,Lyons Preparatory,sabrina.ellis@example.com
5735,Odell Ross,Lyons Preparatory,sabrina.ellis@example.com
,Joseph Drummond,Lyons Preparatory,hiram.trible@example.com
97931,David Rice,Lyons Preparatory,hiram.trible@example.com
56901,Sarah Hayden,Lyons Preparatory,hiram.trible@example.com
44845,Jeff Montanye,Lyons Preparatory,carmen.franca@example.com
72163,Irene Lehmberg,Lyons Preparatory,carmen.franca@example.com
75850,Alma Carpenter,Lyons Preparatory,carmen.franca@example.com
,Rudolph Garcia,Lyons Preparatory,bettye.ralston@example.com
,Luis Smith,Lyons Preparatory,bettye.ralston@example.com
67049,Andrew Wood,Lyons Preparatory,bettye.ralston@example.com
,Ashley Goff,Lyons Preparatory,shirley.horton@example.com
,William Baker,Lyons Preparatory,shirley.horton@example.com
14922,Jose Wealer,Lyons Preparatory,shirley.horton@example.com
,Mary Colson,Lyons Preparatory,john.billings@example.com
,Michael King,Lyons Preparatory,carolyn.anthony@example.com
94567,David Lindsey,Lyons Preparatory,rosa.darring.420@example.com
29486,Thanh Puckett,Lyons Preparatory,rosa.darring.420@example.com
,Arlene Chambers,Lyons Preparatory,rosa.darring.420@example.com
66265,Andrew Bequette,Lyons Preparatory,henry.rose.1@example.com
81511,Tina Mills,Lyons Preparatory,henry.rose.1@example.com
35773,Fred Petix,Lyons Preparatory,henry.rose.1@example.com
86195,Stacey Edwards,Lyons Preparatory,mark.cole@example.com
,Catherine Murphy,Lyons Preparatory,lisa.boles@example.com
55097,Aaron Norman,Lyons Preparatory,lisa.boles@example.com
,Gilberto Daus,Lyons Preparatory,brian.johnson.99@example.com
41475,Julie Midgett,Lyons Preparatory,brian.johnson.99@example.com
,Russell Davis,Lyons Preparatory,brian.johnson.99@example.com
,Michael Lasala,Lyons Preparatory,james.smith@example.com
,Velma Smith,Lyons Preparatory,linda.scott.420@example.com
,Michael Hays,Lyons Preparatory,linda.scott.420@example.com
,Carl Kelly,Lyons Preparatory,mildred.henderson@example.com
,Maryann Broome,Lyons Preparatory,mildred.henderson@example.com
17121,Lucy Goulet,Lyons Preparatory,mildred.henderson@example.com
14349,Rita Toto,Lyons Preparatory,wesley.adams.1@example.com
,Richard Nincehelsor,Lyons Preparatory,wesley.adams.1@example.com
27822,Margaret Mclarty,Lyons Preparatory,wesley.adams.1@example.com
,Carolyn Bible,Lyons Preparatory,mary.davis@example.com
31365,Arthur Taylor,Lyons Preparatory,john.jeanbaptiste@example.com
775,David Heyne,Lyons Preparatory,john.jeanbaptiste@example.com
,Ema Jones,Lyons Preparatory,john.smith@example.com
,Johnny Soto,Lyons Preparatory,john.smith@example.com
50774,Michael Wright,Lyons Preparatory,john.smith@example.com
,Goldie Faires,Lyons Preparatory,josephine.calendine@example.com
,Winifred Wilcox,Lyons Preparatory,donald.lewis.superkewlparent@example.com
37379,Paul Wright,Lyons Preparatory,donald.lewis.superkewlparent@example.com
,Antonia Parker,Lyons Preparatory,donald.lewis.superkewlparent@example.com
5449,Stephen Somerville,Lyons Preparatory,thomas.barba@example.com
39678,Gerald Lafferty,Lyons Preparatory,thomas.barba@example.com
,Anthony Meyers,Lyons Preparatory,thomas.barba@example.com
,Justin Thomas,Lyons Preparatory,robbie.harriman@example.com
,Nancy Hester,Lyons Preparatory,robert.gonzalez@example.com
60428,Edward Maisano,Lyons Preparatory,matthew.barnette.1@example.com
90988,Larry Johnson,Lyons Preparatory,matthew.barnette.1@example.com
,Daniel Brown,Lyons Preparatory,matthew.barnette.1@example.com
,Michael Inyart,Lyons Preparatory,shawn.mccullar@example.com
,Billie Mcewen,Lyons Preparatory,shawn.mccullar@example.com
62033,Constance Alaniz,Lyons Preparatory,shawn.mccullar@example.com
,Juan Herbert,Lyons Preparatory,todd.kidd@example.com
12948,Odis Burcham,Lyons Preparatory,todd.kidd@example.com
62480,Deborah Atwood,Lyons Preparatory,todd.kidd@example.com
,Nathaniel Eidson,Lyons Preparatory,anna.lucas@example.com
44278,Gilbert Mullins,Lyons Preparatory,anna.lucas@example.com
65958,Joyce Mcswain,Lyons Preparatory,sandy.dunlap.1@example.com
18393,Lena Charles,Lyons Preparatory,maria.waitman@example.com
,Michael England,Lyons Preparatory,maria.waitman@example.com
53259,Michael Shaw,Lyons Preparatory,norman.dick@example.com
65150,Kevin Villarreal,Lyons Preparatory,norman.dick@example.com
,Cynthia Krul,Lyons Preparatory,norman.dick@example.com
6859,Lisa Griffin,Lyons Preparatory,jennifer.lamy.superkewlparent@example.com
26787,Luz Boersma,Lyons Preparatory,jennifer.lamy.superkewlparent@example.com
,Katie Miller,Lyons Preparatory,sara.reyes.420@example.com
1970,Donald Harris,Lyons Preparatory,sara.reyes.420@example.com
,Marian Mosher,Lyons Preparatory,sara.reyes.420@example.com
90239,Iliana Ayers,Lyons Preparatory,elizabeth.hillsman.99@example.com
,Richard Ayala,Lyons Preparatory,elizabeth.hillsman.99@example.com
43604,Tanya Arnold,Lyons Preparatory,cathryn.fortner.superkewlparent@example.com
,Charlotte Rosenthal,Lyons Preparatory,cathryn.fortner.superkewlparent@example.com
29535,Angie Lawson,Lyons Preparatory,cathryn.fortner.superkewlparent@example.com
,Matthew Mccullough,Lyons Preparatory,richard.spinney.420@example.com
5824,William Mills,Lyons Preparatory,richard.spinney.420@example.com
57051,Travis Campbell,Fraser Preparatory,cristen.martinez@example.com
,Leslie Walling,Fraser Preparatory,kenneth.dugan@example.com
49995,Caridad Winkler,Fraser Preparatory,kenneth.dugan@example.com
,Allen Shope,Fraser Preparatory,kenneth.dugan@example.com
,John Oday,Fraser Preparatory,ralph.ashmore@example.com
14569,Adell Goodier,Fraser Preparatory,ralph.ashmore@example.com
80360,Nelson Kulig,Fraser Preparatory,ralph.ashmore@example.com
,Brianna Peek,Fraser Preparatory,betty.rodriguez.420@example.com
29004,Deloris Hiltz,Fraser Preparatory,betty.rodriguez.420@example.com
59508,James Tavarez,Fraser Preparatory,julia.jordan.99@example.com
,Charlie Petty,Fraser Preparatory,summer.rodriguez.superkewlparent@example.com
,Deborah Dan,Fraser Preparatory,summer.rodriguez.superkewlparent@example.com
93245,Jessica Carter,Fraser Preparatory,summer.rodriguez.superkewlparent@example.com
,Terry Mcguire,Fraser Preparatory,irvin.arrington@example.com
,Donald Marsh,Fraser Preparatory,irvin.arrington@example.com
559,Christopher Cottrill,Fraser Preparatory,irvin.arrington@example.com
,Holly Manalo,Fraser Preparatory,jeffrey.clark@example.com
61161,Marie Hall,Fraser Preparatory,jeffrey.clark@example.com
,Catherine Campbell,Fraser Preparatory,jeffrey.clark@example.com
,Oliver Jones,Fraser Preparatory,david.cunningham@example.com
62822,Lonnie Krouse,Fraser Preparatory,david.cunningham@example.com
59667,Emmanuel Castillo,Fraser Preparatory,david.cunningham@example.com
42872,Dorothy Dixon,Fraser Preparatory,michael.shumate@example.com
6266,Robert Roberts,Fraser Preparatory,michael.shumate@example.com
,Christina Ortiz,Fraser Preparatory,barry.griffith@example.com
,Donald Bishop,Fraser Preparatory,ida.hamilton@example.com
29036,Alan Beverly,Fraser Preparatory,ida.hamilton@example.com
,Chris Bedard,Fraser Preparatory,bobby.alessio@example.com
22102,Jewel Cooper,Fraser Preparatory,bobby.alessio@example.com
,James Casey,Fraser Preparatory,bobby.alessio@example.com
56239,Anton John,Fraser Preparatory,carl.jack@example.com
,Katherine Kelly,Fraser Preparatory,carl.jack@example.com
16048,Jeff Speedy,Fraser Preparatory,carl.jack@example.com
,Steven Howell,Fraser Preparatory,robert.ayala@example.com
,Richard Gross,Fraser Preparatory,mark.spear@example.com
23452,Keith Mcwilliams,Fraser Preparatory,mark.spear@example.com
74225,Andrew Scott,Fraser Preparatory,mark.spear@example.com
63415,Patrina Ling,Fraser Preparatory,johanna.scott.superkewlparent@example.com
63436,Dennis Potts,Fraser Preparatory,johanna.scott.superkewlparent@example.com
,John Harlow,Fraser Preparatory,johanna.scott.superkewlparent@example.com
83379,Linda Terry,Fraser Preparatory,april.kaiser@example.com
,Hortense Robertson,Fraser Preparatory,april.kaiser@example.com
,William Hooker,Fraser Preparatory,april.kaiser@example.com
21750,Rochelle Davis,Fraser Preparatory,dana.ferri.99@example.com
,Margaret Porter,Fraser Preparatory,dana.ferri.99@example.com
14964,Luz Marshall,Fraser Preparatory,dana.ferri.99@example.com
77646,Ellen Mills,Fraser Preparatory,jerome.wall@example.com
,Donald Hiatt,Fraser Preparatory,john.garcia.superkewlparent@example.com
,Donna Spratley,Fraser Preparatory,charles.mcgehee.superkewlparent@example.com
,Kenneth Curb,Fraser Preparatory,charles.mcgehee.superkewlparent@example.com
,Jennifer Brown,Fraser Preparatory,sherry.mcgraw@example.com
86078,Leeanna Bingham,Fraser Preparatory,sherry.mcgraw@example.com
58508,Walter Gurule,Fraser Preparatory,lorrie.schwantes@example.com
57236,Suzette Ziego,Fraser Preparatory,sam.pollock@example.com
69262,Daniel Leonard,Fraser Preparatory,sam.pollock@example.com
15099,Michael Curb,Fraser Preparatory,valeria.parker@example.com
94272,Lupe Zhang,Fraser Preparatory,clarence.patterson.420@example.com
,Richard Bopp,Fraser Preparatory,clarence.patterson.420@example.com
58641,Andrea Mott,Fraser Preparatory,clarence.patterson.420@example.com
30631,Christina Abreu,Fraser Preparatory,marjorie.smoot.1@example.com
,Allen Clark,Fraser Preparatory,marjorie.smoot.1@example.com
82317,James Jones,Fraser Preparatory,carl.stevenson@example.com
,Zelma Greathouse,Fraser Preparatory,carl.stevenson@example.com
19029,James Melo,Fraser Preparatory,carl.stevenson@example.com
48452,Tracy Villanveva,Fraser Preparatory,thomas.gardiner@example.com
,Columbus Lee,Fraser Preparatory,thomas.gardiner@example.com
,Jeffrey Culnane,Fraser Preparatory,edward.vincent.1@example.com
,Susie Isaacs,Fraser Preparatory,edward.vincent.1@example.com
10687,Doris Gardner,Fraser Preparatory,john.patel.1@example.com
36214,Anthony Goff,Fraser Preparatory,donna.cagle.420@example.com
93832,Peggy Ramos,Fraser Preparatory,donna.cagle.420@example.com
31150,Gary Pritchett,Fraser Preparatory,mark.blodgett@example.com
,Michelle Miller,Fraser Preparatory,mark.blodgett@example.com
,Kenneth Behr,Fraser Preparatory,mark.blodgett@example.com
77210,Cathy Wong,Fraser Preparatory,jared.robertson@example.com
,Charles Wojcik,Fraser Preparatory,jared.robertson@example.com
,Bernard Wagaman,Fraser Preparatory,jared.robertson@example.com
53984,Carol Farber,Fraser Preparatory,colleen.caballero@example.com
3952,Stephen Barber,Fraser Preparatory,john.rice.1@example.com
59512,Nancy Ball,Fraser Preparatory,john.rice.1@example.com
3445,William Law,Fraser Preparatory,john.rice.1@example.com
,Jack Garvin,Fraser Preparatory,lillie.pizzo@example.com
25708,Raymond Griffin,Fraser Preparatory,shelby.beck@example.com
,Robert Surratt,Fraser Preparatory,shelby.beck@example.com
,Christopher Roberts,Fraser Preparatory,vicki.thompson.1@example.com
92079,Karla Bejjani,Fraser Preparatory,vicki.thompson.1@example.com
,Leeanne Acosta,Fraser Preparatory,shirley.baker@example.com
88870,Rachel Hampton,Fraser Preparatory,shirley.baker@example.com
840,Michelle Woodard,Fraser Preparatory,shirley.baker@example.com
,Debra Roberts,Fraser Preparatory,helen.carlson@example.com
,Tish Phillips,Fraser Preparatory,anita.freeman@example.com
6735,Bobbie Mabry,Fraser Preparatory,anita.freeman@example.com
53486,Mary Brewer,Fraser Preparatory,anita.freeman@example.com
,Joseph Moon,Fraser Preparatory,william.tate.99@example.com
,Fumiko Walters,Fraser Preparatory,william.tate.99@example.com
93121,Judith Sweeney,Fraser Preparatory,ruby.ortiz.superkewlparent@example.com
,Thao Carney,Fraser Preparatory,ruby.ortiz.superkewlparent@example.com
7531,Thomas Chrisman,Fraser Preparatory,donald.cox@example.com
33146,Annie Abbate,Fraser Preparatory,jessica.cook.superkewlparent@example.com
80425,Kirstie Shibuya,Fraser Preparatory,jessica.cook.superkewlparent@example.com
,Phillip Lloyd,Fraser Preparatory,jessica.cook.superkewlparent@example.com
,Jeanette Pirog,Fraser Preparatory,mary.coggins.superkewlparent@example.com
97859,Carol Preston,Fraser Preparatory,cedric.soukup.99@example.com
,Penny Mccoy,Fraser Preparatory,cedric.soukup.99@example.com
,Carolyn Mcclain,Fraser Preparatory,lora.bradley@example.com
,Gregory Friedman,Fraser Preparatory,lora.bradley@example.com
23136,Susanna Chiariello,Fraser Preparatory,lora.bradley@example.com
16276,Shenita Cipolla,Fraser Preparatory,christine.scott.superkewlparent@example.com
,Zachary Bartholomew,Fraser Preparatory,christine.scott.superkewlparent@example.com
,Bryan Oconnor,Fraser Preparatory,christine.scott.superkewlparent@example.com
,Joseph Clark,Fraser Preparatory,sandra.moser.420@example.com
9071,Ashley Knowlton,Fraser Preparatory,sandra.moser.420@example.com
9731,Steve Gates,Fraser Preparatory,phyllis.kloepper@example.com
40378,Manuel Smith,Fraser Preparatory,phyllis.kloepper@example.com
12260,Rose Escamilla,Fraser Preparatory,curtis.melton@example.com
17758,Juanita Mickelson,Fraser Preparatory,donald.williams.420@example.com
68414,George Carpenter,Fraser Preparatory,bonnie.underwood.1@example.com
18822,Frances Brown,Fraser Preparatory,bonnie.underwood.1@example.com
,Veronica Richards,Fraser Preparatory,bonnie.underwood.1@example.com
,Tanya Wasilewski,Fraser Preparatory,lanny.seeds.99@example.com
80684,Melissa Loveday,Fraser Preparatory,lanny.seeds.99@example.com
85834,Velma Weiskopf,Fraser Preparatory,lanny.seeds.99@example.com
,Donna Henderson,Fraser Preparatory,heather.padgett@example.com
1433,Michael Janes,Fraser Preparatory,douglas.graham@example.com
31237,Jimmy Chambers,Fraser Preparatory,douglas.graham@example.com
9585,Tammie Figueroa,Fraser Preparatory,douglas.graham@example.com
,Nicholas Pedraza,Fraser Preparatory,elaine.billingsley.420@example.com
,Douglas Beck,Fraser Preparatory,elaine.billingsley.420@example.com
35094,Tangela Lambert,Fraser Preparatory,lillian.brooks.1@example.com
34801,Dawn Tolbert,Fraser Preparatory,lillian.brooks.1@example.com
,Juanita Brown,Fraser Preparatory,linda.sarro.420@example.com
,Virginia Blumenstock,Fraser Preparatory,john.dunnings.superkewlparent@example.com
90200,Ryan Valentine,Fraser Preparatory,john.dunnings.superkewlparent@example.com
76279,Shawn Mccord,Fraser Preparatory,bruce.arriaga.99@example.com
,Sherri Ferry,Fraser Preparatory,gail.wilson.1@example.com
62209,Mindy Smith,Fraser Preparatory,gail.wilson.1@example.com
,Thanh Rutherford,Fraser Preparatory,gail.wilson.1@example.com
,Jessica Page,Fraser Preparatory,charles.hernandez.420@example.com
20906,Ashley Pratt,Fraser Preparatory,mabel.keeton.1@example.com
21940,Mario Ahmed,Fraser Preparatory,mabel.keeton.1@example.com
,Sandra Janicki,Fraser Preparatory,mabel.keeton.1@example.com
18424,Pamela Hokanson,Fraser Preparatory,gladys.haygood@example.com
,James Cooley,Fraser Preparatory,gladys.haygood@example.com
85961,Elsie Wellman,Fraser Preparatory,gladys.haygood@example.com
,Daryl Bennett,Fraser Preparatory,charles.ball@example.com
,Richard Fry,Fraser Preparatory,diana.hirsch.99@example.com
,Walter Haymes,Fraser Preparatory,diana.hirsch.99@example.com
75355,Kevin Lane,Fraser Preparatory,diana.hirsch.99@example.com
19572,Leo Gourdine,Fraser Preparatory,victor.parker.420@example.com
17393,Timothy Spinney,Fraser Preparatory,victor.parker.420@example.com
,Rick Zavala,Fraser Preparatory,victor.parker.420@example.com
51402,Herman Morabito,Fraser Preparatory,isabelle.johnson.99@example.com
,Elizabeth Rodrigues,Fraser Preparatory,mary.vance@example.com
,Wayne Hines,Fraser Preparatory,olga.hendrix@example.com
,Ruth Baugher,Fraser Preparatory,olga.hendrix@example.com
58458,Michael Ward,Fraser Preparatory,olga.hendrix@example.com
,Ann Bercier,Harvey Preparatory,marlene.cotta.99@example.com
,Kelly Knodel,Harvey Preparatory,marlene.cotta.99@example.com
,Carolyn Howard,Harvey Preparatory,marlene.cotta.99@example.com
42278,Patricia Ramirez,Harvey Preparatory,roy.robinson.superkewlparent@example.com
89021,Danielle Rogers,Harvey Preparatory,roy.robinson.superkewlparent@example.com
,Christopher Jones,Harvey Preparatory,roy.robinson.superkewlparent@example.com
54319,Josephine Riggs,Harvey Preparatory,tammy.osgood@example.com
,William Sample,Harvey Preparatory,tammy.osgood@example.com
3973,Beverly Raffa,Harvey Preparatory,dorothy.russell@example.com
,Liana Mitcham,Harvey Preparatory,dorothy.russell@example.com
,Nina Tipton,Harvey Preparatory,dorothy.russell@example.com
,Ralph Fuller,Harvey Preparatory,douglas.wroblewski@example.com
,Ronald Hoyle,Harvey Preparatory,douglas.wroblewski@example.com
,Cecilia Travis,Harvey Preparatory,betty.otey@example.com
55625,Holli Ellison,Harvey Preparatory,betty.otey@example.com
24571,Mark Demery,Harvey Preparatory,betty.otey@example.com
56630,Stella Martinez,Harvey Preparatory,christopher.bellinger.99@example.com
,Eliseo Briones,Harvey Preparatory,nancy.williams@example.com
97886,Carolyn Franty,Harvey Preparatory,angie.mercer@example.com
72410,Sylvia Courtney,Harvey Preparatory,david.yau@example.com
,Gertrude Bartko,Harvey Preparatory,alfonzo.johnson.420@example.com
,Brandon Haslett,Harvey Preparatory,alfonzo.johnson.420@example.com
1673,Mark Tovar,Harvey Preparatory,dean.king@example.com
,Jim Stahlman,Harvey Preparatory,dean.king@example.com
,Evelyn Bowen,Harvey Preparatory,susan.mcintyre@example.com
20308,Maria Burton,Harvey Preparatory,charles.bezio@example.com
1568,Penny Cooper,Harvey Preparatory,charles.bezio@example.com
39164,Beatrice Sisler,Harvey Preparatory,charles.bezio@example.com
,William Sandoval,Harvey Preparatory,titus.duffey@example.com
91298,Michael Anschutz,Harvey Preparatory,titus.duffey@example.com
55284,Francisco Brandt,Harvey Preparatory,john.rosenthal@example.com
3397,Lillian Weisgarber,Harvey Preparatory,john.rosenthal@example.com
8089,Linda Garcia,Harvey Preparatory,john.rosenthal@example.com
,Jason Hardy,Harvey Preparatory,desiree.ling.superkewlparent@example.com
49707,Jose Padgett,Harvey Preparatory,desiree.ling.superkewlparent@example.com
,Iva Bolt,Harvey Preparatory,susan.geis.superkewlparent@example.com
,Carrie Nev,Harvey Preparatory,susan.geis.superkewlparent@example.com
,Kirk Monson,Harvey Preparatory,angela.martin@example.com
91242,Reinaldo Tennyson,Harvey Preparatory,kasha.hernandez.superkewlparent@example.com
,Sabrina Oneill,Harvey Preparatory,kasha.hernandez.superkewlparent@example.com
,Evelyn Towle,Harvey Preparatory,juan.lowery@example.com
,Maria Jackson,Harvey Preparatory,juan.lowery@example.com
,Helen Ostrov,Harvey Preparatory,juan.lowery@example.com
,Alejandro Pikes,Harvey Preparatory,william.foy@example.com
,Gloria Mendibles,Harvey Preparatory,william.foy@example.com
48666,Steven Snider,Harvey Preparatory,kenneth.sowell@example.com
,Lucy Rapier,Harvey Preparatory,kenneth.sowell@example.com
,Paul Johnson,Harvey Preparatory,karen.woody@example.com
,Rena Cummings,Harvey Preparatory,karen.woody@example.com
29613,Dora Simonetti,Harvey Preparatory,mabel.mcpherson@example.com
20143,Peter Rogers,Harvey Preparatory,mabel.mcpherson@example.com
18518,Raymond Sullivan,Harvey Preparatory,mabel.mcpherson@example.com
90496,Vivian Craft,Harvey Preparatory,mary.rasco@example.com
86552,Robin Schupp,Harvey Preparatory,shirley.padgett.superkewlparent@example.com
,Marion Little,Harvey Preparatory,shirley.padgett.superkewlparent@example.com
,Sharon Brown,Harvey Preparatory,shirley.padgett.superkewlparent@example.com
1895,Bettina Butler,Harvey Preparatory,connie.neff.420@example.com
3675,Leroy Bruce,Harvey Preparatory,connie.neff.420@example.com
,Ashley Flaherty,Harvey Preparatory,erlinda.matthews.99@example.com
77643,Sandra Dean,Harvey Preparatory,erlinda.matthews.99@example.com
32731,Gloria Dixon,Harvey Preparatory,erlinda.matthews.99@example.com
69612,Victoria Schmidt,Harvey Preparatory,louise.vega@example.com
24111,Crystal Thompson,Harvey Preparatory,marta.lopes@example.com
,Carl Fowler,Harvey Preparatory,marta.lopes@example.com
,Iris Aadland,Harvey Preparatory,marta.lopes@example.com
,Betty Millette,Harvey Preparatory,evelyn.shiba@example.com
27600,Shirley Dalbec,Harvey Preparatory,evelyn.shiba@example.com
,Thelma Chagnon,Harvey Preparatory,evelyn.shiba@example.com
80094,Dennis Torres,Harvey Preparatory,frank.washington.420@example.com
,Stanley Sinclair,Harvey Preparatory,frank.washington.420@example.com
30631,Nia Rivera,Harvey Preparatory,seth.morgan.1@example.com
81996,Ruth Bell,Harvey Preparatory,charles.zanghi.420@example.com
93450,John Milstead,Harvey Preparatory,charles.zanghi.420@example.com
,Jennifer Parker,Harvey Preparatory,thomas.huggins@example.com
63166,Laura Morrison,Harvey Preparatory,thomas.huggins@example.com
,Toni Smith,Harvey Preparatory,gerald.smith.1@example.com
54078,Dallas Bailey,Harvey Preparatory,doris.buchanan@example.com
,Michael Schrader,Harvey Preparatory,benjamin.demopoulos@example.com
,Laurie Arthur,Harvey Preparatory,melissa.brown@example.com
29870,Connie Skelton,Harvey Preparatory,donald.torres@example.com
60431,Anthony Razor,Harvey Preparatory,donald.torres@example.com
51050,Meredith Clay,Harvey Preparatory,donald.torres@example.com
,Alan Brown,Harvey Preparatory,lisa.woody@example.com
12114,Noel Hyder,Harvey Preparatory,lisa.woody@example.com
,Roy Anderson,Harvey Preparatory,lisa.woody@example.com
66342,Iris Leyva,Harvey Preparatory,betty.romo@example.com
,Dianne Kamp,Harvey Preparatory,betty.romo@example.com
52643,Dale Newcombe,Harvey Preparatory,betty.romo@example.com
93527,Richard Charles,Harvey Preparatory,kelli.black@example.com
41735,David Wegman,Harvey Preparatory,kelli.black@example.com
,Francine Perkins,Harvey Preparatory,kelli.black@example.com
,Richard Powell,Harvey Preparatory,anna.schlesser@example.com
,Stephen Brooks,Harvey Preparatory,anna.schlesser@example.com
,Lacey Mcleod,Harvey Preparatory,john.beckman@example.com
,Vanessa Damico,Harvey Preparatory,john.beckman@example.com
51914,Leana Mcnamara,Harvey Preparatory,robert.johnson@example.com
,Tammy Hanson,Harvey Preparatory,robert.johnson@example.com
63676,Helen Deal,Harvey Preparatory,robert.johnson@example.com
,Kimberly Odom,Harvey Preparatory,karen.lawrence@example.com
94135,Tricia Hudson,Harvey Preparatory,myrtle.russ@example.com
61689,Francis Scott,Harvey Preparatory,heather.mitchell@example.com
34600,Mark Leach,Harvey Preparatory,carolyn.robbins@example.com
,Matthew Abels,Harvey Preparatory,carolyn.robbins@example.com
,Melissa Hamilton,Harvey Preparatory,kimberly.barrows@example.com
95914,David Herron,Harvey Preparatory,kimberly.barrows@example.com
61078,Jason Dougherty,Harvey Preparatory,kimberly.barrows@example.com
,Antonio Ray,Harvey Preparatory,benjamin.lee.99@example.com
2903,Joseph Geren,Harvey Preparatory,ken.fortenberry@example.com
,David Mcclay,Harvey Preparatory,jennifer.wallace@example.com
,Regina Zamora,Harvey Preparatory,jennifer.wallace@example.com
49732,Fannie Preston,Harvey Preparatory,jennifer.wallace@example.com
,Patrick Irby,Harvey Preparatory,tara.duncan@example.com
,Raul Huskey,Harvey Preparatory,margie.garcia@example.com
1610,Luke Decesare,Harvey Preparatory,matthew.williamson@example.com
,John Powell,Harvey Preparatory,matthew.williamson@example.com
,Steven Chandler,Harvey Preparatory,matthew.williamson@example.com
10655,Angie Kalinowski,Harvey Preparatory,william.daniels.1@example.com
,Jeff Brazell,Harvey Preparatory,william.daniels.1@example.com
5551,Margaret Duncan,Harvey Preparatory,kelly.rubio@example.com
,Kevin Owens,Harvey Preparatory,kelly.rubio@example.com
,Winnifred Mitchell,Harvey Preparatory,kelly.rubio@example.com
39756,Louis Stringer,Harvey Preparatory,shawn.cavanaugh@example.com
24608,Tina Harbin,Harvey Preparatory,shawn.cavanaugh@example.com
,Seth Klitz,Harvey Preparatory,manuel.ring.superkewlparent@example.com
,Andy Raisley,Harvey Preparatory,melva.hooker@example.com
,Nancy Strange,Harvey Preparatory,melva.hooker@example.com
37429,Robert Garcia,Harvey Preparatory,melva.hooker@example.com
,Daniel Kaiser,Harvey Preparatory,john.carter@example.com
56308,Alejandrina Gannon,Harvey Preparatory,ashley.duhamel@example.com
15725,Angela Gonzales,Harvey Preparatory,ashley.duhamel@example.com
70101,Lori Wyant,Harvey Preparatory,ashley.duhamel@example.com
48005,James Rodriguez,Harvey Preparatory,andrea.franklin.1@example.com
,Frank Hamil,Harvey Preparatory,andrea.franklin.1@example.com
,Josie Klein,Harvey Preparatory,andrea.franklin.1@example.com
73696,William Maobi,Harvey Preparatory,brian.smith.99@example.com
34488,Robert Spalding,Harvey Preparatory,brian.smith.99@example.com
,Robert Lewis,Harvey Preparatory,tameka.joseph@example.com
49880,Bryan Hickman,Harvey Preparatory,thomas.krupka.99@example.com
45629,James Taylor,Harvey Preparatory,thomas.krupka.99@example.com
93795,Eleanor Cunanan,Harvey Preparatory,thomas.krupka.99@example.com
91696,Stephen Hartman,Harvey Preparatory,jonathon.ingwersen@example.com
,Patricia Fischer,Harvey Preparatory,jonathon.ingwersen@example.com
48149,Arthur Beyer,Harvey Preparatory,grace.nixon.420@example.com
,Ralph Reeder,Harvey Preparatory,marguerite.juran.1@example.com
20902,Edward Stephens,Harvey Preparatory,marguerite.juran.1@example.com
,Wilhelmina Fournier,Long Preparatory,shelton.moody@example.com
78781,Michelle Johnson,Long Preparatory,shelton.moody@example.com
99316,Jesus Crocker,Long Preparatory,shelton.moody@example.com
,Peter Montalvo,Long Preparatory,floyd.manzione@example.com
,Elva Caravello,Long Preparatory,floyd.manzione@example.com
68997,Charles Legg,Long Preparatory,john.goodrum.superkewlparent@example.com
16132,Tommy Stillwell,Long Preparatory,gloria.thomason@example.com
13745,Tina Selby,Long Preparatory,gloria.thomason@example.com
54989,David Watson,Long Preparatory,gloria.thomason@example.com
,Karly Mcsherry,Long Preparatory,christie.smock@example.com
98772,Fred Thorp,Long Preparatory,carol.artrip.420@example.com
36088,Orville Ward,Long Preparatory,carol.artrip.420@example.com
36205,John Sample,Long Preparatory,carol.artrip.420@example.com
91726,Grant Morones,Long Preparatory,angela.hernandez@example.com
78157,Daniel Silver,Long Preparatory,angela.hernandez@example.com
4492,Paul Ramirez,Long Preparatory,gustavo.malone.superkewlparent@example.com
89212,Tyler Noble,Long Preparatory,gustavo.malone.superkewlparent@example.com
12893,Jackie Kaina,Long Preparatory,hugh.richards@example.com
,Arturo Nguyen,Long Preparatory,hugh.richards@example.com
,Charles Robinson,Long Preparatory,hugh.richards@example.com
75038,Mark Knudsen,Long Preparatory,travis.thomas@example.com
59228,Gordon Duque,Long Preparatory,marsha.alnutt@example.com
,Emma David,Long Preparatory,jason.morgan.420@example.com
,Thomas Anzalone,Long Preparatory,jason.morgan.420@example.com
89674,Virginia Hampton,Long Preparatory,lyle.lewis@example.com
,Jessica Kelley,Long Preparatory,barbara.reynolds.420@example.com
58645,Dorothy Baadsgaard,Long Preparatory,jeane.frantz.99@example.com
72813,Stacy Gates,Long Preparatory,lydia.calhoun.99@example.com
,Gladys Somers,Long Preparatory,lydia.calhoun.99@example.com
25356,Jason Pacheco,Long Preparatory,lydia.calhoun.99@example.com
,Roscoe Mitchell,Long Preparatory,brian.harding@example.com
,Kathryn Stevens,Long Preparatory,bernice.shipman.99@example.com
,Jerome Boyd,Long Preparatory,elizabeth.beisch@example.com
21792,George Simmons,Long Preparatory,elizabeth.beisch@example.com
,Gary Harper,Long Preparatory,elizabeth.beisch@example.com
,Donna Brannen,Long Preparatory,douglas.ramirez.420@example.com
27519,Robert Daub,Long Preparatory,douglas.ramirez.420@example.com
88320,Samantha Pinero,Long Preparatory,michael.lovaglio.1@example.com
5548,Evelyn Bean,Long Preparatory,lucie.zmolek@example.com
,Geneva Carmona,Long Preparatory,lucie.zmolek@example.com
13305,Kimberly Moore,Long Preparatory,lucie.zmolek@example.com
,Felisa Quirarte,Long Preparatory,andrew.beck.99@example.com
,Beverly Kelly,Long Preparatory,andrew.beck.99@example.com
66087,Richard Tep,Long Preparatory,andrew.beck.99@example.com
56196,Victoria Reyes,Long Preparatory,stacy.jungling.superkewlparent@example.com
,Eddie Lipman,Long Preparatory,stacy.jungling.superkewlparent@example.com
,Rebekah Padilla,Long Preparatory,stacy.jungling.superkewlparent@example.com
77021,Carol Hanson,Long Preparatory,elijah.barksdale@example.com
93036,Verna Imbert,Long Preparatory,traci.hartsfield.420@example.com
,Judith Stockman,Long Preparatory,traci.hartsfield.420@example.com
,Nicholas Long,Long Preparatory,victor.crowe.1@example.com
,Lori Hall,Long Preparatory,victor.crowe.1@example.com
,Carla Yu,Long Preparatory,victor.crowe.1@example.com
13079,Daisy Essex,Long Preparatory,tina.trevino@example.com
,Richard Colella,Long Preparatory,pamela.desilva@example.com
,Mary Green,Long Preparatory,dorothy.newell@example.com
38022,Elvia Moore,Long Preparatory,dorothy.newell@example.com
41832,David Morris,Long Preparatory,dorothy.newell@example.com
49353,Elizabeth Thomas,Long Preparatory,don.mankin.420@example.com
,Marie Box,Long Preparatory,don.mankin.420@example.com
66232,Pauline Weatherspoon,Long Preparatory,daryl.brown@example.com
,Robert Davis,Long Preparatory,moshe.gray.superkewlparent@example.com
,Courtney Brown,Long Preparatory,herbert.burke@example.com
,Calvin Johnson,Long Preparatory,raeann.young.420@example.com
38900,Gilbert Sanders,Long Preparatory,joshua.hill.99@example.com
,Rosemary Macfarlane,Long Preparatory,reed.hamilton@example.com
53633,Lance Quesada,Long Preparatory,reed.hamilton@example.com
,Michelle Soroka,Long Preparatory,reed.hamilton@example.com
,James Bloxham,Long Preparatory,stevie.martinez@example.com
84178,Agnes Walker,Long Preparatory,stevie.martinez@example.com
,Anthony Seaney,Long Preparatory,richard.gilstrap@example.com
40992,Vincent Zuber,Long Preparatory,richard.gilstrap@example.com
,Patricia Goshay,Long Preparatory,richard.gilstrap@example.com
,Barry Delatorre,Long Preparatory,tiffany.kwan.420@example.com
,Thomas Austin,Long Preparatory,tiffany.kwan.420@example.com
,Carolyn Lasure,Long Preparatory,tiffany.kwan.420@example.com
,Bethann Garcia,Long Preparatory,joan.york.superkewlparent@example.com
,Kyle Wallin,Long Preparatory,joan.york.superkewlparent@example.com
,Lee Freese,Long Preparatory,joan.york.superkewlparent@example.com
81048,Charmaine Phipps,Long Preparatory,abraham.tull.superkewlparent@example.com
,Shelby Clifford,Long Preparatory,alberta.grayson@example.com
31991,Roseanne Fields,Long Preparatory,eric.davis.99@example.com
,Foster Tunney,Long Preparatory,morris.crews.superkewlparent@example.com
,Colleen Cherry,Long Preparatory,morris.crews.superkewlparent@example.com
,Fernando Sanchez,Long Preparatory,morris.crews.superkewlparent@example.com
51278,Shawn Bissonette,Long Preparatory,bennie.ocasio@example.com
,Melissa Haley,Long Preparatory,bennie.ocasio@example.com
,Twila Thomas,Long Preparatory,bennie.ocasio@example.com
20462,Douglas Henderson,Long Preparatory,lucas.mustard.420@example.com
,Rhonda Taylor,Long Preparatory,lucas.mustard.420@example.com
617,Juan Howard,Long Preparatory,lucas.mustard.420@example.com
26925,Michele Miner,Long Preparatory,shannon.nesbitt@example.com
,Gary Graf,Long Preparatory,shannon.nesbitt@example.com
,John Brown,Long Preparatory,shannon.nesbitt@example.com
54357,Angeles Ferland,Long Preparatory,jerome.pruett@example.com
,Shirley Draeger,Long Preparatory,jerome.pruett@example.com
,Joseph Knaub,Long Preparatory,jerome.pruett@example.com
,Tiffany Watson,Long Preparatory,ronald.cato@example.com
,Milton Ternullo,Long Preparatory,ronald.cato@example.com
54053,Sandra Parker,Long Preparatory,ronald.cato@example.com
,Corrie Flook,Long Preparatory,george.sims@example.com
56223,Cheryl Edison,Long Preparatory,george.sims@example.com
,Nikki Hedger,Long Preparatory,margaret.cummings@example.com
,Elizabeth Singletary,Long Preparatory,margaret.cummings@example.com
,Mary Mccubbin,Long Preparatory,robert.provost.1@example.com
,Katie Leonard,Long Preparatory,robert.provost.1@example.com
,Jeffrey Grooms,Long Preparatory,robert.provost.1@example.com
39683,Alice Gronewald,Long Preparatory,jennifer.guida@example.com
50433,Bulah Lee,Long Preparatory,nancy.delacruz.420@example.com
,Benita Humphrey,Long Preparatory,nancy.delacruz.420@example.com
84916,Raymond Nunemaker,Long Preparatory,leslie.harrison.420@example.com
,Christopher Wixon,Long Preparatory,leslie.harrison.420@example.com
,Brett Wainwright,Long Preparatory,ivan.bethea@example.com
,Emilio Brown,Long Preparatory,ivan.bethea@example.com
70080,Jessie Santana,Long Preparatory,ivan.bethea@example.com
,Ben Frazier,Long Preparatory,mary.conley.99@example.com
,Craig Munoz,Long Preparatory,mary.conley.99@example.com
,James Lynch,Long Preparatory,richard.black.1@example.com
44065,Maynard Lien,Long Preparatory,richard.black.1@example.com
11462,Amy Taylor,Long Preparatory,lee.murphy.420@example.com
9955,Angela Burkhardt,Long Preparatory,jennifer.farrell.1@example.com
,Roy Prindle,Long Preparatory,jennifer.farrell.1@example.com
,Jason Campion,Long Preparatory,jennifer.farrell.1@example.com
,Erlene Smith,Long Preparatory,wayne.hammond.99@example.com
67739,Theodore Wilson,Long Preparatory,wayne.hammond.99@example.com
,Gregory Webb,Long Preparatory,wayne.hammond.99@example.com
,Mary Sanders,Long Preparatory,donald.mclaren.superkewlparent@example.com
23108,Leticia Blakey,Long Preparatory,donald.mclaren.superkewlparent@example.com
81137,Lucia Getty,Long Preparatory,donald.mclaren.superkewlparent@example.com
93515,Clifford Sevick,Long Preparatory,arlyne.blake.99@example.com
,Allison Gonzalez,Long Preparatory,arlyne.blake.99@example.com
55957,Evie Key,Long Preparatory,arlyne.blake.99@example.com
,Joshua Mireles,Long Preparatory,anthony.wenning@example.com
,Carol Smith,Long Preparatory,anthony.wenning@example.com
29824,Robert Medina,Long Preparatory,anthony.wenning@example.com
,Paul Kessinger,Long Preparatory,lou.westlund.420@example.com
23795,Rhonda Kocon,Long Preparatory,lou.westlund.420@example.com
,Virginia Perkins,Long Preparatory,richard.baker.1@example.com
91250,Rebecca Richardson,Long Preparatory,richard.baker.1@example.com
20241,Roger Pitts,Long Preparatory,richard.baker.1@example.com
2615,Christina Budreau,Long Preparatory,eddie.teeters.420@example.com
9566,Lydia Smith,Long Preparatory,jaime.donahue@example.com
9067,Justin Lucas,Long Preparatory,amanda.renk.1@example.com
,Regina Ledon,Long Preparatory,amanda.renk.1@example.com
10833,Jose Holtgrewe,Long Preparatory,amanda.renk.1@example.com
89512,Corey Bryant,Long Preparatory,louis.gross@example.com
81983,Michael Lucas,Long Preparatory,louis.gross@example.com
,Velma Short,Long Preparatory,brent.janusz.superkewlparent@example.com
13068,Donna Turner,Long Preparatory,brent.janusz.superkewlparent@example.com
,Marcia Culpepper,Long Preparatory,daniel.tignor@example.com
97492,William Dorsey,Long Preparatory,daniel.tignor@example.com
,Maryann Smith,Long Preparatory,marcia.martinez.420@example.com
,Margaret Richardson,Long Preparatory,marcia.martinez.420@example.com
,Kevin Williams,Long Preparatory,ruth.gordon.420@example.com
10629,Bertha Fitch,Long Preparatory,clifford.kennedy.420@example.com
10681,Elsie Salerno,Long Preparatory,clifford.kennedy.420@example.com
,Jim Romo,Long Preparatory,ernesto.cash@example.com
,Richard Lown,Long Preparatory,ernesto.cash@example.com
,Guadalupe Johnson,Long Preparatory,william.cole@example.com
,Jeramy Skaggs,Long Preparatory,kimberly.trexler@example.com
3248,Karen Buchanan,Long Preparatory,ross.cutler.420@example.com
69255,Hilda Standley,Long Preparatory,ross.cutler.420@example.com
,Jean Key,Long Preparatory,ross.cutler.420@example.com
,Bill Williams,Long Preparatory,francis.brown.99@example.com
,Harold Johnson,Long Preparatory,ashley.puente@example.com
90706,Karl Conboy,Long Preparatory,ashley.puente@example.com
41863,Thomas Gary,Long Preparatory,lawerence.warren@example.com
40630,Violeta Voss,Long Preparatory,lawerence.warren@example.com
63525,Dawne White,Long Preparatory,philip.bell@example.com
,Solomon Levinson,Long Preparatory,philip.bell@example.com
,Patrick Bellas,Roback School,louise.trinklein@example.com
,Trevor Stookey,Roback School,jeremy.seiter.1@example.com
43971,Diane Conrad,Roback School,jeremy.seiter.1@example.com
,Beulah Schepens,Roback School,donald.coleman.1@example.com
,Charles Kerfoot,Roback School,donald.coleman.1@example.com
3245,Jason Ross,Roback School,valerie.baskin@example.com
,Ernesto Kyle,Roback School,valerie.baskin@example.com
,Amanda Hollifield,Roback School,james.crogan.superkewlparent@example.com
,Frankie Anderson,Roback School,james.crogan.superkewlparent@example.com
22657,Austin Malady,Roback School,james.crogan.superkewlparent@example.com
83146,Jeanne Cain,Roback School,grace.melendez.420@example.com
,Nathan Faison,Roback School,grace.melendez.420@example.com
75017,Ashley Spelman,Roback School,grace.melendez.420@example.com
,Ola Mee,Roback School,toni.lee@example.com
,Kelley Gary,Roback School,maurice.park@example.com
,Paulette Yates,Roback School,maurice.park@example.com
48235,Denise Dingman,Roback School,lakita.finley.1@example.com
,Evelyn Carpenter,Roback School,lakita.finley.1@example.com
,Simone Smith,Roback School,lakita.finley.1@example.com
32820,Marc Graham,Roback School,johnathan.keele.1@example.com
,Melanie Espinoza,Roback School,johnathan.keele.1@example.com
,Amy Paul,Roback School,steven.kallevig@example.com
8616,James Robinson,Roback School,steven.kallevig@example.com
40705,Melody Cooper,Roback School,kenneth.craig@example.com
37882,Elizabeth Thigpen,Roback School,kenneth.craig@example.com
70312,Corazon Ormsby,Roback School,ricky.carlson.420@example.com
,Monica Bankard,Roback School,ricky.carlson.420@example.com
,Jose Bailey,Roback School,joseph.belinsky.1@example.com
,Chad Davis,Roback School,maria.dodd@example.com
63496,John Lai,Roback School,daniel.hoover@example.com
,Stanley Ferra,Roback School,daniel.hoover@example.com
,Chad Kaeo,Roback School,lawrence.lucas@example.com
,Katherine Baum,Roback School,kendall.ivey@example.com
,Shawn Sampson,Roback School,kendall.ivey@example.com
,Oscar Patterson,Roback School,regina.jordan@example.com
22088,Anthony Dickey,Roback School,regina.jordan@example.com
,Jason Anaya,Roback School,regina.jordan@example.com
,Katrina Clawson,Roback School,brett.palencia.superkewlparent@example.com
49910,Maria Mays,Roback School,brett.palencia.superkewlparent@example.com
,Alice Drumheller,Roback School,brett.palencia.superkewlparent@example.com
532,Helen Valdez,Roback School,robert.ray@example.com
22380,Ella Strobel,Roback School,robert.ray@example.com
,Emma Murphy,Roback School,edith.lazo@example.com
,Lillian Pruitt,Roback School,arturo.mcswain@example.com
43775,Kathy Woodard,Roback School,arturo.mcswain@example.com
43393,Nellie Johnson,Roback School,arturo.mcswain@example.com
,Laurie Barnes,Roback School,florence.laplant@example.com
47644,Sue Mcfall,Roback School,florence.laplant@example.com
,Phillip Murray,Roback School,florence.laplant@example.com
45758,Danny Beal,Roback School,melissa.jedele@example.com
,Matthew Frein,Roback School,melissa.jedele@example.com
7926,Michael Wallin,Roback School,melissa.jedele@example.com
4748,Olga Lazarine,Roback School,john.nightingale@example.com
83791,George Linehan,Roback School,john.nightingale@example.com
,Danny Daub,Roback School,john.nightingale@example.com
,Rico Chin,Roback School,robin.farry@example.com
,Wayne Bradley,Roback School,pete.williams@example.com
,Ronald Hinkle,Roback School,pete.williams@example.com
83046,Thomas Chapin,Roback School,pete.williams@example.com
,Terri Earheart,Roback School,john.owens@example.com
19814,Linda Stathopoulos,Roback School,john.owens@example.com
,John Morein,Roback School,john.owens@example.com
26836,John Collier,Roback School,david.tyler.1@example.com
79264,Rachel Wilkerson,Roback School,ann.baldwin@example.com
,Timothy Vaugh,Roback School,ann.baldwin@example.com
,Kristy Jenkins,Roback School,ann.baldwin@example.com
,Diane Pereira,Roback School,john.capaldi.99@example.com
,Micheal Call,Roback School,john.capaldi.99@example.com
95372,Twyla Morfin,Roback School,john.capaldi.99@example.com
,Tracy Ramsey,Roback School,lynn.lafferty@example.com
20689,David Peltier,Roback School,lynn.lafferty@example.com
,Rachel Melendez,Roback School,lynn.lafferty@example.com
,Richard Choquette,Roback School,stephen.cummings@example.com
,Ethel Randall,Roback School,stephen.cummings@example.com
36946,Edith Young,Roback School,stephen.cummings@example.com
,Peter Young,Roback School,joseph.conn@example.com
63241,Justin Nipper,Roback School,esther.doe.99@example.com
90845,Serena Green,Roback School,ronald.puhl@example.com
89835,Peter Robertson,Roback School,colleen.plemmons@example.com
78567,Nicole Good,Roback School,colleen.plemmons@example.com
,Cathleen Neel,Roback School,charles.herlocker@example.com
,Rebecca Schaming,Roback School,judy.blau@example.com
,Elizabeth Krok,Roback School,judy.blau@example.com
,Virgil Sterling,Roback School,kathy.schloss.99@example.com
26153,Janet John,Roback School,kathy.schloss.99@example.com
57224,Ruth Belew,Roback School,roberto.kramer.420@example.com
,Vanessa Fitch,Roback School,roberto.kramer.420@example.com
,Scott Price,Roback School,roberto.kramer.420@example.com
76239,Theresa Merlette,Roback School,richard.goldade.superkewlparent@example.com
,Edna Irizarry,Roback School,richard.goldade.superkewlparent@example.com
7185,Michael Romriell,Roback School,andy.jenkins.420@example.com
,Adrienne Hill,Roback School,andy.jenkins.420@example.com
17024,Ray Buckner,Roback School,andy.jenkins.420@example.com
,Herbert Thorne,Roback School,carmen.patel.99@example.com
66023,Carrie Lurvey,Roback School,carmen.patel.99@example.com
41415,Douglas Morris,Roback School,mark.alverez.1@example.com
29507,David Griffin,Roback School,jason.concepcion@example.com
63930,Sarah Biles,Roback School,jason.concepcion@example.com
61355,Katherine Gibbs,Roback School,jason.concepcion@example.com
,Abigail Davis,Roback School,john.vu@example.com
48193,Mina Hansen,Roback School,john.vu@example.com
,Angela Boyd,Roback School,john.vu@example.com
,Myra Bond,Roback School,verdie.gay@example.com
79358,Philip Sanford,Roback School,verdie.gay@example.com
3252,Katherine Mertz,Roback School,deborah.keith@example.com
15589,Louise Kroon,Roback School,deborah.keith@example.com
,Angela Delacruz,Roback School,mitchell.rivas@example.com
,Joshua Russo,Roback School,mui.stout.420@example.com
2811,Kristine Driver,Roback School,mui.stout.420@example.com
4590,Thomas Jackson,Roback School,mui.stout.420@example.com
,Harry Wilbur,Roback School,randy.sanchez.superkewlparent@example.com
97311,Lewis Kuhl,Roback School,randy.sanchez.superkewlparent@example.com
90496,Anthony Rigdon,Roback School,kimberly.white@example.com
,Mary Rogers,Roback School,kimberly.white@example.com
,Alice Heckel,Roback School,kimberly.white@example.com
48892,David Plank,Roback School,amanda.holman@example.com
,Clarence Medina,Roback School,amanda.holman@example.com
26153,Charles Montgomery,Roback School,amanda.holman@example.com
23386,Harriett Hughes,Roback School,tiffany.cantwell.superkewlparent@example.com
49590,Amy Reynolds,Roback School,tiffany.cantwell.superkewlparent@example.com
64199,Bao Carlson,Roback School,guadalupe.hurst@example.com
,Willie Getter,Roback School,guadalupe.hurst@example.com
25031,John Baker,Roback School,guadalupe.hurst@example.com
16128,William Segrest,Roback School,cecilia.davis@example.com
6661,Bert Arterbury,Roback School,cecilia.davis@example.com
,Carl Martell,Roback School,cecilia.davis@example.com
,Kendra Ritchie,Roback School,riley.elrod.superkewlparent@example.com
,Clayton Swift,Roback School,riley.elrod.superkewlparent@example.com
14440,Susan Brooks,Roback School,riley.elrod.superkewlparent@example.com
18140,Alpha Brewster,Roback School,willie.romero@example.com
91767,Robert Hernandez,Roback School,chad.hansen@example.com
,Bruce Bellinghausen,Roback School,chad.hansen@example.com
24753,Cherri Barnes,Roback School,velda.raborn.420@example.com
16787,Max Sheppard,Roback School,velda.raborn.420@example.com
61590,Amber Madden,Roback School,stanley.maze.99@example.com
,Hana Lane,Roback School,james.baker@example.com
,Adam Baum-Theodore,George Watts Elementary,atom.bomb@example.com
,Anna Graham-Theodore,George Watts Elementary,anagram@example.com
,Donald Key-Theodore,George Watts Elementary,donkey@example.com
,Earl Lee-Riser-Theodore,George Watts Elementary,early.riser@example.com
,Anna Fender-Theodore,George Watts Elementary,an.offender@example.com
,Brock Lee-Theodore,Durham School of the Arts,broccoli@example.com
,Cara Van-Theodore,Durham School of the Arts,caravan@example.com
,Carrie Oakey-Theodore,Durham School of the Arts,karaoke@example.com
,Corey Ander-Theodore,Durham School of the Arts,coriander@example.com
,Corey O'Graff-Theodore,Durham School of the Arts,choreograph@example.com
,Holly Day-Theodore,Durham School of the Arts,holiday@example.com
